{
  "type": "datasource",
  "name": "Druid",
  "id": "abhisant-druid-datasource",

  "metrics": true,

  "info": {
    "version": "0.0.4",
    "author": {
      "name": "Abhishek Sant",
      "url": "https://github.com/grafana-druid-plugin/druidplugin"
    },
   "links":[
     {"name": "GitHub", "url": "https://github.com/grafana-druid-plugin/druidplugin"}
    ],
   "logos": {
      "small": "img/druid_logo.png",
      "large": "img/druid_logo.png"
    },
   "dependencies": {
     "grafanaVersion": "4.x.x",
     "plugins": [ ]
    }
  }
}
